node_index,hc_magnitude,asd_magnitude,difference,percent_diff,anatomical_class,region_name
32,15305.19921875,23265.177734375,7959.978515625,52.00832999202937,0,Frontal Lobe
33,14885.3447265625,23355.09765625,8469.7529296875,56.89994477973662,0,Frontal Lobe
43,15330.7578125,19492.36328125,4161.60546875,27.145464820772375,1,Occipital Lobe
44,14752.888671875,22007.029296875,7254.140625,49.170984654885515,1,Occipital Lobe
